1,Testing,1Which of these are correct types of software tests?
2,Java,1What are default data types available in Java?
3,Testing,2Which of these are correct types of software tests?
4,Java,2What are default data types available in Java?
5,Testing,3Which of these are correct types of software tests?
6,Java,3What are default data types available in Java?
7,Testing,4Which of these are correct types of software tests?
8,Java,4What are default data types available in Java?
9,Testing,5Which of these are correct types of software tests?
10,Java,5What are default data types available in Java?
11,Testing,6Which of these are correct types of software tests?
12,Java,6What are default data types available in Java?
13,Testing,7Which of these are correct types of software tests?
14,Java,7What are default data types available in Java?
15,Testing,8Which of these are correct types of software tests?
16,Java,8What are default data types available in Java?
